{
    "$schema": "https://schema.management.azure.com/schemas/2015-01-01/deploymentParameters.json#",
    "contentVersion": "1.0.0.0",
    "parameters": {
        "availabilityZones": {
            "value": []
        },
        "containerName": {
            "value": "contosocoffeenewyork"
        },
        "location": {
            "value": "eastus"
        },
        "imageType": {
            "value": "Private"
        },
        "imageName": {
            "value": "contosocoffeeregistry.azurecr.io/coffee-app:latest"
        },
        "osType": {
            "value": "Linux"
        },
        "numberCpuCores": {
            "value": "1"
        },
        "memory": {
            "value": "1.5"
        },
        "restartPolicy": {
            "value": "OnFailure"
        },
        "imageRegistryLoginServer": {
            "value": "contosocoffeeregistry.azurecr.io"
        },
        "imageUsername": {
            "value": "contosocoffeeregistry"
        },
        "imagePassword": {
            "value": null
        },
        "ipAddressType": {
            "value": "Public"
        },
        "ports": {
            "value": [
                {
                    "port": "80",
                    "protocol": "TCP"
                }
            ]
        }
    }
}